[
  {
    "Country": "Afghanistan",
    "alpha2": "AF",
    "Alpha-3 code": "AFG",
    "Numeric code": 4,
    "lat": 33,
    "lon": 65
  },
  {
    "Country": "Albania",
    "alpha2": "AL",
    "Alpha-3 code": "ALB",
    "Numeric code": 8,
    "lat": 41,
    "lon": 20
  },
  {
    "Country": "Algeria",
    "alpha2": "DZ",
    "Alpha-3 code": "DZA",
    "Numeric code": 12,
    "lat": 28,
    "lon": 3
  },
  {
    "Country": "American Samoa",
    "alpha2": "AS",
    "Alpha-3 code": "ASM",
    "Numeric code": 16,
    "lat": -14.3333,
    "lon": -170
  },
  {
    "Country": "Andorra",
    "alpha2": "AD",
    "Alpha-3 code": "AND",
    "Numeric code": 20,
    "lat": 42.5,
    "lon": 1.6
  },
  {
    "Country": "Angola",
    "alpha2": "AO",
    "Alpha-3 code": "AGO",
    "Numeric code": 24,
    "lat": -12.5,
    "lon": 18.5
  },
  {
    "Country": "Anguilla",
    "alpha2": "AI",
    "Alpha-3 code": "AIA",
    "Numeric code": 660,
    "lat": 18.25,
    "lon": -63.1667
  },
  {
    "Country": "Antarctica",
    "alpha2": "AQ",
    "Alpha-3 code": "ATA",
    "Numeric code": 10,
    "lat": -90,
    "lon": 0
  },
  {
    "Country": "Antigua and Barbuda",
    "alpha2": "AG",
    "Alpha-3 code": "ATG",
    "Numeric code": 28,
    "lat": 17.05,
    "lon": -61.8
  },
  {
    "Country": "Argentina",
    "alpha2": "AR",
    "Alpha-3 code": "ARG",
    "Numeric code": 32,
    "lat": -34,
    "lon": -64
  },
  {
    "Country": "Armenia",
    "alpha2": "AM",
    "Alpha-3 code": "ARM",
    "Numeric code": 51,
    "lat": 40,
    "lon": 45
  },
  {
    "Country": "Aruba",
    "alpha2": "AW",
    "Alpha-3 code": "ABW",
    "Numeric code": 533,
    "lat": 12.5,
    "lon": -69.9667
  },
  {
    "Country": "Australia",
    "alpha2": "AU",
    "Alpha-3 code": "AUS",
    "Numeric code": 36,
    "lat": -27,
    "lon": 133
  },
  {
    "Country": "Austria",
    "alpha2": "AT",
    "Alpha-3 code": "AUT",
    "Numeric code": 40,
    "lat": 47.3333,
    "lon": 13.3333
  },
  {
    "Country": "Azerbaijan",
    "alpha2": "AZ",
    "Alpha-3 code": "AZE",
    "Numeric code": 31,
    "lat": 40.5,
    "lon": 47.5
  },
  {
    "Country": "Bahamas",
    "alpha2": "BS",
    "Alpha-3 code": "BHS",
    "Numeric code": 44,
    "lat": 24.25,
    "lon": -76
  },
  {
    "Country": "Bahrain",
    "alpha2": "BH",
    "Alpha-3 code": "BHR",
    "Numeric code": 48,
    "lat": 26,
    "lon": 50.55
  },
  {
    "Country": "Bangladesh",
    "alpha2": "BD",
    "Alpha-3 code": "BGD",
    "Numeric code": 50,
    "lat": 24,
    "lon": 90
  },
  {
    "Country": "Barbados",
    "alpha2": "BB",
    "Alpha-3 code": "BRB",
    "Numeric code": 52,
    "lat": 13.1667,
    "lon": -59.5333
  },
  {
    "Country": "Belarus",
    "alpha2": "BY",
    "Alpha-3 code": "BLR",
    "Numeric code": 112,
    "lat": 53,
    "lon": 28
  },
  {
    "Country": "Belgium",
    "alpha2": "BE",
    "Alpha-3 code": "BEL",
    "Numeric code": 56,
    "lat": 50.8333,
    "lon": 4
  },
  {
    "Country": "Belize",
    "alpha2": "BZ",
    "Alpha-3 code": "BLZ",
    "Numeric code": 84,
    "lat": 17.25,
    "lon": -88.75
  },
  {
    "Country": "Benin",
    "alpha2": "BJ",
    "Alpha-3 code": "BEN",
    "Numeric code": 204,
    "lat": 9.5,
    "lon": 2.25
  },
  {
    "Country": "Bermuda",
    "alpha2": "BM",
    "Alpha-3 code": "BMU",
    "Numeric code": 60,
    "lat": 32.3333,
    "lon": -64.75
  },
  {
    "Country": "Bhutan",
    "alpha2": "BT",
    "Alpha-3 code": "BTN",
    "Numeric code": 64,
    "lat": 27.5,
    "lon": 90.5
  },
  {
    "Country": "Bolivia, Plurinational State of",
    "alpha2": "BO",
    "Alpha-3 code": "BOL",
    "Numeric code": 68,
    "lat": -17,
    "lon": -65
  },
  {
    "Country": "Bolivia",
    "alpha2": "BO",
    "Alpha-3 code": "BOL",
    "Numeric code": 68,
    "lat": -17,
    "lon": -65
  },
  {
    "Country": "Bosnia and Herzegovina",
    "alpha2": "BA",
    "Alpha-3 code": "BIH",
    "Numeric code": 70,
    "lat": 44,
    "lon": 18
  },
  {
    "Country": "Botswana",
    "alpha2": "BW",
    "Alpha-3 code": "BWA",
    "Numeric code": 72,
    "lat": -22,
    "lon": 24
  },
  {
    "Country": "Bouvet Island",
    "alpha2": "BV",
    "Alpha-3 code": "BVT",
    "Numeric code": 74,
    "lat": -54.4333,
    "lon": 3.4
  },
  {
    "Country": "Brazil",
    "alpha2": "BR",
    "Alpha-3 code": "BRA",
    "Numeric code": 76,
    "lat": -10,
    "lon": -55
  },
  {
    "Country": "British Indian Ocean Territory",
    "alpha2": "IO",
    "Alpha-3 code": "IOT",
    "Numeric code": 86,
    "lat": -6,
    "lon": 71.5
  },
  {
    "Country": "Brunei Darussalam",
    "alpha2": "BN",
    "Alpha-3 code": "BRN",
    "Numeric code": 96,
    "lat": 4.5,
    "lon": 114.6667
  },
  {
    "Country": "Brunei",
    "alpha2": "BN",
    "Alpha-3 code": "BRN",
    "Numeric code": 96,
    "lat": 4.5,
    "lon": 114.6667
  },
  {
    "Country": "Bulgaria",
    "alpha2": "BG",
    "Alpha-3 code": "BGR",
    "Numeric code": 100,
    "lat": 43,
    "lon": 25
  },
  {
    "Country": "Burkina Faso",
    "alpha2": "BF",
    "Alpha-3 code": "BFA",
    "Numeric code": 854,
    "lat": 13,
    "lon": -2
  },
  {
    "Country": "Burundi",
    "alpha2": "BI",
    "Alpha-3 code": "BDI",
    "Numeric code": 108,
    "lat": -3.5,
    "lon": 30
  },
  {
    "Country": "Cambodia",
    "alpha2": "KH",
    "Alpha-3 code": "KHM",
    "Numeric code": 116,
    "lat": 13,
    "lon": 105
  },
  {
    "Country": "Cameroon",
    "alpha2": "CM",
    "Alpha-3 code": "CMR",
    "Numeric code": 120,
    "lat": 6,
    "lon": 12
  },
  {
    "Country": "Canada",
    "alpha2": "CA",
    "Alpha-3 code": "CAN",
    "Numeric code": 124,
    "lat": 60,
    "lon": -95
  },
  {
    "Country": "Cape Verde",
    "alpha2": "CV",
    "Alpha-3 code": "CPV",
    "Numeric code": 132,
    "lat": 16,
    "lon": -24
  },
  {
    "Country": "Cayman Islands",
    "alpha2": "KY",
    "Alpha-3 code": "CYM",
    "Numeric code": 136,
    "lat": 19.5,
    "lon": -80.5
  },
  {
    "Country": "Central African Republic",
    "alpha2": "CF",
    "Alpha-3 code": "CAF",
    "Numeric code": 140,
    "lat": 7,
    "lon": 21
  },
  {
    "Country": "Chad",
    "alpha2": "TD",
    "Alpha-3 code": "TCD",
    "Numeric code": 148,
    "lat": 15,
    "lon": 19
  },
  {
    "Country": "Chile",
    "alpha2": "CL",
    "Alpha-3 code": "CHL",
    "Numeric code": 152,
    "lat": -30,
    "lon": -71
  },
  {
    "Country": "China",
    "alpha2": "CN",
    "Alpha-3 code": "CHN",
    "Numeric code": 156,
    "lat": 35,
    "lon": 105
  },
  {
    "Country": "Christmas Island",
    "alpha2": "CX",
    "Alpha-3 code": "CXR",
    "Numeric code": 162,
    "lat": -10.5,
    "lon": 105.6667
  },
  {
    "Country": "Cocos (Keeling) Islands",
    "alpha2": "CC",
    "Alpha-3 code": "CCK",
    "Numeric code": 166,
    "lat": -12.5,
    "lon": 96.8333
  },
  {
    "Country": "Colombia",
    "alpha2": "CO",
    "Alpha-3 code": "COL",
    "Numeric code": 170,
    "lat": 4,
    "lon": -72
  },
  {
    "Country": "Comoros",
    "alpha2": "KM",
    "Alpha-3 code": "COM",
    "Numeric code": 174,
    "lat": -12.1667,
    "lon": 44.25
  },
  {
    "Country": "Congo",
    "alpha2": "CG",
    "Alpha-3 code": "COG",
    "Numeric code": 178,
    "lat": -1,
    "lon": 15
  },
  {
    "Country": "Congo, the Democratic Republic of the",
    "alpha2": "CD",
    "Alpha-3 code": "COD",
    "Numeric code": 180,
    "lat": 0,
    "lon": 25
  },
  {
    "Country": "Cook Islands",
    "alpha2": "CK",
    "Alpha-3 code": "COK",
    "Numeric code": 184,
    "lat": -21.2333,
    "lon": -159.7667
  },
  {
    "Country": "Costa Rica",
    "alpha2": "CR",
    "Alpha-3 code": "CRI",
    "Numeric code": 188,
    "lat": 10,
    "lon": -84
  },
  {
    "Country": "Côte d'Ivoire",
    "alpha2": "CI",
    "Alpha-3 code": "CIV",
    "Numeric code": 384,
    "lat": 8,
    "lon": -5
  },
  {
    "Country": "Ivory Coast",
    "alpha2": "CI",
    "Alpha-3 code": "CIV",
    "Numeric code": 384,
    "lat": 8,
    "lon": -5
  },
  {
    "Country": "Croatia",
    "alpha2": "HR",
    "Alpha-3 code": "HRV",
    "Numeric code": 191,
    "lat": 45.1667,
    "lon": 15.5
  },
  {
    "Country": "Cuba",
    "alpha2": "CU",
    "Alpha-3 code": "CUB",
    "Numeric code": 192,
    "lat": 21.5,
    "lon": -80
  },
  {
    "Country": "Cyprus",
    "alpha2": "CY",
    "Alpha-3 code": "CYP",
    "Numeric code": 196,
    "lat": 35,
    "lon": 33
  },
  {
    "Country": "Czech Republic",
    "alpha2": "CZ",
    "Alpha-3 code": "CZE",
    "Numeric code": 203,
    "lat": 49.75,
    "lon": 15.5
  },
  {
    "Country": "Denmark",
    "alpha2": "DK",
    "Alpha-3 code": "DNK",
    "Numeric code": 208,
    "lat": 56,
    "lon": 10
  },
  {
    "Country": "Djibouti",
    "alpha2": "DJ",
    "Alpha-3 code": "DJI",
    "Numeric code": 262,
    "lat": 11.5,
    "lon": 43
  },
  {
    "Country": "Dominica",
    "alpha2": "DM",
    "Alpha-3 code": "DMA",
    "Numeric code": 212,
    "lat": 15.4167,
    "lon": -61.3333
  },
  {
    "Country": "Dominican Republic",
    "alpha2": "DO",
    "Alpha-3 code": "DOM",
    "Numeric code": 214,
    "lat": 19,
    "lon": -70.6667
  },
  {
    "Country": "Ecuador",
    "alpha2": "EC",
    "Alpha-3 code": "ECU",
    "Numeric code": 218,
    "lat": -2,
    "lon": -77.5
  },
  {
    "Country": "Egypt",
    "alpha2": "EG",
    "Alpha-3 code": "EGY",
    "Numeric code": 818,
    "lat": 27,
    "lon": 30
  },
  {
    "Country": "El Salvador",
    "alpha2": "SV",
    "Alpha-3 code": "SLV",
    "Numeric code": 222,
    "lat": 13.8333,
    "lon": -88.9167
  },
  {
    "Country": "Equatorial Guinea",
    "alpha2": "GQ",
    "Alpha-3 code": "GNQ",
    "Numeric code": 226,
    "lat": 2,
    "lon": 10
  },
  {
    "Country": "Eritrea",
    "alpha2": "ER",
    "Alpha-3 code": "ERI",
    "Numeric code": 232,
    "lat": 15,
    "lon": 39
  },
  {
    "Country": "Estonia",
    "alpha2": "EE",
    "Alpha-3 code": "EST",
    "Numeric code": 233,
    "lat": 59,
    "lon": 26
  },
  {
    "Country": "Ethiopia",
    "alpha2": "ET",
    "Alpha-3 code": "ETH",
    "Numeric code": 231,
    "lat": 8,
    "lon": 38
  },
  {
    "Country": "Falkland Islands (Malvinas)",
    "alpha2": "FK",
    "Alpha-3 code": "FLK",
    "Numeric code": 238,
    "lat": -51.75,
    "lon": -59
  },
  {
    "Country": "Faroe Islands",
    "alpha2": "FO",
    "Alpha-3 code": "FRO",
    "Numeric code": 234,
    "lat": 62,
    "lon": -7
  },
  {
    "Country": "Fiji",
    "alpha2": "FJ",
    "Alpha-3 code": "FJI",
    "Numeric code": 242,
    "lat": -18,
    "lon": 175
  },
  {
    "Country": "Finland",
    "alpha2": "FI",
    "Alpha-3 code": "FIN",
    "Numeric code": 246,
    "lat": 64,
    "lon": 26
  },
  {
    "Country": "France",
    "alpha2": "FR",
    "Alpha-3 code": "FRA",
    "Numeric code": 250,
    "lat": 46,
    "lon": 2
  },
  {
    "Country": "French Guiana",
    "alpha2": "GF",
    "Alpha-3 code": "GUF",
    "Numeric code": 254,
    "lat": 4,
    "lon": -53
  },
  {
    "Country": "French Polynesia",
    "alpha2": "PF",
    "Alpha-3 code": "PYF",
    "Numeric code": 258,
    "lat": -15,
    "lon": -140
  },
  {
    "Country": "French Southern Territories",
    "alpha2": "TF",
    "Alpha-3 code": "ATF",
    "Numeric code": 260,
    "lat": -43,
    "lon": 67
  },
  {
    "Country": "Gabon",
    "alpha2": "GA",
    "Alpha-3 code": "GAB",
    "Numeric code": 266,
    "lat": -1,
    "lon": 11.75
  },
  {
    "Country": "Gambia",
    "alpha2": "GM",
    "Alpha-3 code": "GMB",
    "Numeric code": 270,
    "lat": 13.4667,
    "lon": -16.5667
  },
  {
    "Country": "Georgia",
    "alpha2": "GE",
    "Alpha-3 code": "GEO",
    "Numeric code": 268,
    "lat": 42,
    "lon": 43.5
  },
  {
    "Country": "Germany",
    "alpha2": "DE",
    "Alpha-3 code": "DEU",
    "Numeric code": 276,
    "lat": 51,
    "lon": 9
  },
  {
    "Country": "Ghana",
    "alpha2": "GH",
    "Alpha-3 code": "GHA",
    "Numeric code": 288,
    "lat": 8,
    "lon": -2
  },
  {
    "Country": "Gibraltar",
    "alpha2": "GI",
    "Alpha-3 code": "GIB",
    "Numeric code": 292,
    "lat": 36.1833,
    "lon": -5.3667
  },
  {
    "Country": "Greece",
    "alpha2": "GR",
    "Alpha-3 code": "GRC",
    "Numeric code": 300,
    "lat": 39,
    "lon": 22
  },
  {
    "Country": "Greenland",
    "alpha2": "GL",
    "Alpha-3 code": "GRL",
    "Numeric code": 304,
    "lat": 72,
    "lon": -40
  },
  {
    "Country": "Grenada",
    "alpha2": "GD",
    "Alpha-3 code": "GRD",
    "Numeric code": 308,
    "lat": 12.1167,
    "lon": -61.6667
  },
  {
    "Country": "Guadeloupe",
    "alpha2": "GP",
    "Alpha-3 code": "GLP",
    "Numeric code": 312,
    "lat": 16.25,
    "lon": -61.5833
  },
  {
    "Country": "Guam",
    "alpha2": "GU",
    "Alpha-3 code": "GUM",
    "Numeric code": 316,
    "lat": 13.4667,
    "lon": 144.7833
  },
  {
    "Country": "Guatemala",
    "alpha2": "GT",
    "Alpha-3 code": "GTM",
    "Numeric code": 320,
    "lat": 15.5,
    "lon": -90.25
  },
  {
    "Country": "Guernsey",
    "alpha2": "GG",
    "Alpha-3 code": "GGY",
    "Numeric code": 831,
    "lat": 49.5,
    "lon": -2.56
  },
  {
    "Country": "Guinea",
    "alpha2": "GN",
    "Alpha-3 code": "GIN",
    "Numeric code": 324,
    "lat": 11,
    "lon": -10
  },
  {
    "Country": "Guinea-Bissau",
    "alpha2": "GW",
    "Alpha-3 code": "GNB",
    "Numeric code": 624,
    "lat": 12,
    "lon": -15
  },
  {
    "Country": "Guyana",
    "alpha2": "GY",
    "Alpha-3 code": "GUY",
    "Numeric code": 328,
    "lat": 5,
    "lon": -59
  },
  {
    "Country": "Haiti",
    "alpha2": "HT",
    "Alpha-3 code": "HTI",
    "Numeric code": 332,
    "lat": 19,
    "lon": -72.4167
  },
  {
    "Country": "Heard Island and McDonald Islands",
    "alpha2": "HM",
    "Alpha-3 code": "HMD",
    "Numeric code": 334,
    "lat": -53.1,
    "lon": 72.5167
  },
  {
    "Country": "Holy See (Vatican City State)",
    "alpha2": "VA",
    "Alpha-3 code": "VAT",
    "Numeric code": 336,
    "lat": 41.9,
    "lon": 12.45
  },
  {
    "Country": "Honduras",
    "alpha2": "HN",
    "Alpha-3 code": "HND",
    "Numeric code": 340,
    "lat": 15,
    "lon": -86.5
  },
  {
    "Country": "Hong Kong",
    "alpha2": "HK",
    "Alpha-3 code": "HKG",
    "Numeric code": 344,
    "lat": 22.25,
    "lon": 114.1667
  },
  {
    "Country": "Hungary",
    "alpha2": "HU",
    "Alpha-3 code": "HUN",
    "Numeric code": 348,
    "lat": 47,
    "lon": 20
  },
  {
    "Country": "Iceland",
    "alpha2": "IS",
    "Alpha-3 code": "ISL",
    "Numeric code": 352,
    "lat": 65,
    "lon": -18
  },
  {
    "Country": "India",
    "alpha2": "IN",
    "Alpha-3 code": "IND",
    "Numeric code": 356,
    "lat": 20,
    "lon": 77
  },
  {
    "Country": "Indonesia",
    "alpha2": "ID",
    "Alpha-3 code": "IDN",
    "Numeric code": 360,
    "lat": -5,
    "lon": 120
  },
  {
    "Country": "Iran, Islamic Republic of",
    "alpha2": "IR",
    "Alpha-3 code": "IRN",
    "Numeric code": 364,
    "lat": 32,
    "lon": 53
  },
  {
    "Country": "Iraq",
    "alpha2": "IQ",
    "Alpha-3 code": "IRQ",
    "Numeric code": 368,
    "lat": 33,
    "lon": 44
  },
  {
    "Country": "Ireland",
    "alpha2": "IE",
    "Alpha-3 code": "IRL",
    "Numeric code": 372,
    "lat": 53,
    "lon": -8
  },
  {
    "Country": "Isle of Man",
    "alpha2": "IM",
    "Alpha-3 code": "IMN",
    "Numeric code": 833,
    "lat": 54.23,
    "lon": -4.55
  },
  {
    "Country": "Israel",
    "alpha2": "IL",
    "Alpha-3 code": "ISR",
    "Numeric code": 376,
    "lat": 31.5,
    "lon": 34.75
  },
  {
    "Country": "Italy",
    "alpha2": "IT",
    "Alpha-3 code": "ITA",
    "Numeric code": 380,
    "lat": 42.8333,
    "lon": 12.8333
  },
  {
    "Country": "Jamaica",
    "alpha2": "JM",
    "Alpha-3 code": "JAM",
    "Numeric code": 388,
    "lat": 18.25,
    "lon": -77.5
  },
  {
    "Country": "Japan",
    "alpha2": "JP",
    "Alpha-3 code": "JPN",
    "Numeric code": 392,
    "lat": 36,
    "lon": 138
  },
  {
    "Country": "Jersey",
    "alpha2": "JE",
    "Alpha-3 code": "JEY",
    "Numeric code": 832,
    "lat": 49.21,
    "lon": -2.13
  },
  {
    "Country": "Jordan",
    "alpha2": "JO",
    "Alpha-3 code": "JOR",
    "Numeric code": 400,
    "lat": 31,
    "lon": 36
  },
  {
    "Country": "Kazakhstan",
    "alpha2": "KZ",
    "Alpha-3 code": "KAZ",
    "Numeric code": 398,
    "lat": 48,
    "lon": 68
  },
  {
    "Country": "Kenya",
    "alpha2": "KE",
    "Alpha-3 code": "KEN",
    "Numeric code": 404,
    "lat": 1,
    "lon": 38
  },
  {
    "Country": "Kiribati",
    "alpha2": "KI",
    "Alpha-3 code": "KIR",
    "Numeric code": 296,
    "lat": 1.4167,
    "lon": 173
  },
  {
    "Country": "Korea, Democratic People's Republic of",
    "alpha2": "KP",
    "Alpha-3 code": "PRK",
    "Numeric code": 408,
    "lat": 40,
    "lon": 127
  },
  {
    "Country": "Korea, Republic of",
    "alpha2": "KR",
    "Alpha-3 code": "KOR",
    "Numeric code": 410,
    "lat": 37,
    "lon": 127.5
  },
  {
    "Country": "South Korea",
    "alpha2": "KR",
    "Alpha-3 code": "KOR",
    "Numeric code": 410,
    "lat": 37,
    "lon": 127.5
  },
  {
    "Country": "Kuwait",
    "alpha2": "KW",
    "Alpha-3 code": "KWT",
    "Numeric code": 414,
    "lat": 29.3375,
    "lon": 47.6581
  },
  {
    "Country": "Kyrgyzstan",
    "alpha2": "KG",
    "Alpha-3 code": "KGZ",
    "Numeric code": 417,
    "lat": 41,
    "lon": 75
  },
  {
    "Country": "Lao People's Democratic Republic",
    "alpha2": "LA",
    "Alpha-3 code": "LAO",
    "Numeric code": 418,
    "lat": 18,
    "lon": 105
  },
  {
    "Country": "Latvia",
    "alpha2": "LV",
    "Alpha-3 code": "LVA",
    "Numeric code": 428,
    "lat": 57,
    "lon": 25
  },
  {
    "Country": "Lebanon",
    "alpha2": "LB",
    "Alpha-3 code": "LBN",
    "Numeric code": 422,
    "lat": 33.8333,
    "lon": 35.8333
  },
  {
    "Country": "Lesotho",
    "alpha2": "LS",
    "Alpha-3 code": "LSO",
    "Numeric code": 426,
    "lat": -29.5,
    "lon": 28.5
  },
  {
    "Country": "Liberia",
    "alpha2": "LR",
    "Alpha-3 code": "LBR",
    "Numeric code": 430,
    "lat": 6.5,
    "lon": -9.5
  },
  {
    "Country": "Libyan Arab Jamahiriya",
    "alpha2": "LY",
    "Alpha-3 code": "LBY",
    "Numeric code": 434,
    "lat": 25,
    "lon": 17
  },
  {
    "Country": "Libya",
    "alpha2": "LY",
    "Alpha-3 code": "LBY",
    "Numeric code": 434,
    "lat": 25,
    "lon": 17
  },
  {
    "Country": "Liechtenstein",
    "alpha2": "LI",
    "Alpha-3 code": "LIE",
    "Numeric code": 438,
    "lat": 47.1667,
    "lon": 9.5333
  },
  {
    "Country": "Lithuania",
    "alpha2": "LT",
    "Alpha-3 code": "LTU",
    "Numeric code": 440,
    "lat": 56,
    "lon": 24
  },
  {
    "Country": "Luxembourg",
    "alpha2": "LU",
    "Alpha-3 code": "LUX",
    "Numeric code": 442,
    "lat": 49.75,
    "lon": 6.1667
  },
  {
    "Country": "Macao",
    "alpha2": "MO",
    "Alpha-3 code": "MAC",
    "Numeric code": 446,
    "lat": 22.1667,
    "lon": 113.55
  },
  {
    "Country": "Macedonia, the former Yugoslav Republic of",
    "alpha2": "MK",
    "Alpha-3 code": "MKD",
    "Numeric code": 807,
    "lat": 41.8333,
    "lon": 22
  },
  {
    "Country": "Madagascar",
    "alpha2": "MG",
    "Alpha-3 code": "MDG",
    "Numeric code": 450,
    "lat": -20,
    "lon": 47
  },
  {
    "Country": "Malawi",
    "alpha2": "MW",
    "Alpha-3 code": "MWI",
    "Numeric code": 454,
    "lat": -13.5,
    "lon": 34
  },
  {
    "Country": "Malaysia",
    "alpha2": "MY",
    "Alpha-3 code": "MYS",
    "Numeric code": 458,
    "lat": 2.5,
    "lon": 112.5
  },
  {
    "Country": "Maldives",
    "alpha2": "MV",
    "Alpha-3 code": "MDV",
    "Numeric code": 462,
    "lat": 3.25,
    "lon": 73
  },
  {
    "Country": "Mali",
    "alpha2": "ML",
    "Alpha-3 code": "MLI",
    "Numeric code": 466,
    "lat": 17,
    "lon": -4
  },
  {
    "Country": "Malta",
    "alpha2": "MT",
    "Alpha-3 code": "MLT",
    "Numeric code": 470,
    "lat": 35.8333,
    "lon": 14.5833
  },
  {
    "Country": "Marshall Islands",
    "alpha2": "MH",
    "Alpha-3 code": "MHL",
    "Numeric code": 584,
    "lat": 9,
    "lon": 168
  },
  {
    "Country": "Martinique",
    "alpha2": "MQ",
    "Alpha-3 code": "MTQ",
    "Numeric code": 474,
    "lat": 14.6667,
    "lon": -61
  },
  {
    "Country": "Mauritania",
    "alpha2": "MR",
    "Alpha-3 code": "MRT",
    "Numeric code": 478,
    "lat": 20,
    "lon": -12
  },
  {
    "Country": "Mauritius",
    "alpha2": "MU",
    "Alpha-3 code": "MUS",
    "Numeric code": 480,
    "lat": -20.2833,
    "lon": 57.55
  },
  {
    "Country": "Mayotte",
    "alpha2": "YT",
    "Alpha-3 code": "MYT",
    "Numeric code": 175,
    "lat": -12.8333,
    "lon": 45.1667
  },
  {
    "Country": "Mexico",
    "alpha2": "MX",
    "Alpha-3 code": "MEX",
    "Numeric code": 484,
    "lat": 23,
    "lon": -102
  },
  {
    "Country": "Micronesia, Federated States of",
    "alpha2": "FM",
    "Alpha-3 code": "FSM",
    "Numeric code": 583,
    "lat": 6.9167,
    "lon": 158.25
  },
  {
    "Country": "Moldova, Republic of",
    "alpha2": "MD",
    "Alpha-3 code": "MDA",
    "Numeric code": 498,
    "lat": 47,
    "lon": 29
  },
  {
    "Country": "Monaco",
    "alpha2": "MC",
    "Alpha-3 code": "MCO",
    "Numeric code": 492,
    "lat": 43.7333,
    "lon": 7.4
  },
  {
    "Country": "Mongolia",
    "alpha2": "MN",
    "Alpha-3 code": "MNG",
    "Numeric code": 496,
    "lat": 46,
    "lon": 105
  },
  {
    "Country": "Montenegro",
    "alpha2": "ME",
    "Alpha-3 code": "MNE",
    "Numeric code": 499,
    "lat": 42,
    "lon": 19
  },
  {
    "Country": "Montserrat",
    "alpha2": "MS",
    "Alpha-3 code": "MSR",
    "Numeric code": 500,
    "lat": 16.75,
    "lon": -62.2
  },
  {
    "Country": "Morocco",
    "alpha2": "MA",
    "Alpha-3 code": "MAR",
    "Numeric code": 504,
    "lat": 32,
    "lon": -5
  },
  {
    "Country": "Mozambique",
    "alpha2": "MZ",
    "Alpha-3 code": "MOZ",
    "Numeric code": 508,
    "lat": -18.25,
    "lon": 35
  },
  {
    "Country": "Myanmar",
    "alpha2": "MM",
    "Alpha-3 code": "MMR",
    "Numeric code": 104,
    "lat": 22,
    "lon": 98
  },
  {
    "Country": "Burma",
    "alpha2": "MM",
    "Alpha-3 code": "MMR",
    "Numeric code": 104,
    "lat": 22,
    "lon": 98
  },
  {
    "Country": "Namibia",
    "alpha2": "NA",
    "Alpha-3 code": "NAM",
    "Numeric code": 516,
    "lat": -22,
    "lon": 17
  },
  {
    "Country": "Nauru",
    "alpha2": "NR",
    "Alpha-3 code": "NRU",
    "Numeric code": 520,
    "lat": -0.5333,
    "lon": 166.9167
  },
  {
    "Country": "Nepal",
    "alpha2": "NP",
    "Alpha-3 code": "NPL",
    "Numeric code": 524,
    "lat": 28,
    "lon": 84
  },
  {
    "Country": "Netherlands",
    "alpha2": "NL",
    "Alpha-3 code": "NLD",
    "Numeric code": 528,
    "lat": 52.5,
    "lon": 5.75
  },
  {
    "Country": "Netherlands Antilles",
    "alpha2": "AN",
    "Alpha-3 code": "ANT",
    "Numeric code": 530,
    "lat": 12.25,
    "lon": -68.75
  },
  {
    "Country": "New Caledonia",
    "alpha2": "NC",
    "Alpha-3 code": "NCL",
    "Numeric code": 540,
    "lat": -21.5,
    "lon": 165.5
  },
  {
    "Country": "New Zealand",
    "alpha2": "NZ",
    "Alpha-3 code": "NZL",
    "Numeric code": 554,
    "lat": -41,
    "lon": 174
  },
  {
    "Country": "Nicaragua",
    "alpha2": "NI",
    "Alpha-3 code": "NIC",
    "Numeric code": 558,
    "lat": 13,
    "lon": -85
  },
  {
    "Country": "Niger",
    "alpha2": "NE",
    "Alpha-3 code": "NER",
    "Numeric code": 562,
    "lat": 16,
    "lon": 8
  },
  {
    "Country": "Nigeria",
    "alpha2": "NG",
    "Alpha-3 code": "NGA",
    "Numeric code": 566,
    "lat": 10,
    "lon": 8
  },
  {
    "Country": "Niue",
    "alpha2": "NU",
    "Alpha-3 code": "NIU",
    "Numeric code": 570,
    "lat": -19.0333,
    "lon": -169.8667
  },
  {
    "Country": "Norfolk Island",
    "alpha2": "NF",
    "Alpha-3 code": "NFK",
    "Numeric code": 574,
    "lat": -29.0333,
    "lon": 167.95
  },
  {
    "Country": "Northern Mariana Islands",
    "alpha2": "MP",
    "Alpha-3 code": "MNP",
    "Numeric code": 580,
    "lat": 15.2,
    "lon": 145.75
  },
  {
    "Country": "Norway",
    "alpha2": "NO",
    "Alpha-3 code": "NOR",
    "Numeric code": 578,
    "lat": 62,
    "lon": 10
  },
  {
    "Country": "Oman",
    "alpha2": "OM",
    "Alpha-3 code": "OMN",
    "Numeric code": 512,
    "lat": 21,
    "lon": 57
  },
  {
    "Country": "Pakistan",
    "alpha2": "PK",
    "Alpha-3 code": "PAK",
    "Numeric code": 586,
    "lat": 30,
    "lon": 70
  },
  {
    "Country": "Palau",
    "alpha2": "PW",
    "Alpha-3 code": "PLW",
    "Numeric code": 585,
    "lat": 7.5,
    "lon": 134.5
  },
  {
    "Country": "Palestinian Territory, Occupied",
    "alpha2": "PS",
    "Alpha-3 code": "PSE",
    "Numeric code": 275,
    "lat": 32,
    "lon": 35.25
  },
  {
    "Country": "Panama",
    "alpha2": "PA",
    "Alpha-3 code": "PAN",
    "Numeric code": 591,
    "lat": 9,
    "lon": -80
  },
  {
    "Country": "Papua New Guinea",
    "alpha2": "PG",
    "Alpha-3 code": "PNG",
    "Numeric code": 598,
    "lat": -6,
    "lon": 147
  },
  {
    "Country": "Paraguay",
    "alpha2": "PY",
    "Alpha-3 code": "PRY",
    "Numeric code": 600,
    "lat": -23,
    "lon": -58
  },
  {
    "Country": "Peru",
    "alpha2": "PE",
    "Alpha-3 code": "PER",
    "Numeric code": 604,
    "lat": -10,
    "lon": -76
  },
  {
    "Country": "Philippines",
    "alpha2": "PH",
    "Alpha-3 code": "PHL",
    "Numeric code": 608,
    "lat": 13,
    "lon": 122
  },
  {
    "Country": "Pitcairn",
    "alpha2": "PN",
    "Alpha-3 code": "PCN",
    "Numeric code": 612,
    "lat": -24.7,
    "lon": -127.4
  },
  {
    "Country": "Poland",
    "alpha2": "PL",
    "Alpha-3 code": "POL",
    "Numeric code": 616,
    "lat": 52,
    "lon": 20
  },
  {
    "Country": "Portugal",
    "alpha2": "PT",
    "Alpha-3 code": "PRT",
    "Numeric code": 620,
    "lat": 39.5,
    "lon": -8
  },
  {
    "Country": "Puerto Rico",
    "alpha2": "PR",
    "Alpha-3 code": "PRI",
    "Numeric code": 630,
    "lat": 18.25,
    "lon": -66.5
  },
  {
    "Country": "Qatar",
    "alpha2": "QA",
    "Alpha-3 code": "QAT",
    "Numeric code": 634,
    "lat": 25.5,
    "lon": 51.25
  },
  {
    "Country": "Réunion",
    "alpha2": "RE",
    "Alpha-3 code": "REU",
    "Numeric code": 638,
    "lat": -21.1,
    "lon": 55.6
  },
  {
    "Country": "Romania",
    "alpha2": "RO",
    "Alpha-3 code": "ROU",
    "Numeric code": 642,
    "lat": 46,
    "lon": 25
  },
  {
    "Country": "Russian Federation",
    "alpha2": "RU",
    "Alpha-3 code": "RUS",
    "Numeric code": 643,
    "lat": 60,
    "lon": 100
  },
  {
    "Country": "Russia",
    "alpha2": "RU",
    "Alpha-3 code": "RUS",
    "Numeric code": 643,
    "lat": 60,
    "lon": 100
  },
  {
    "Country": "Rwanda",
    "alpha2": "RW",
    "Alpha-3 code": "RWA",
    "Numeric code": 646,
    "lat": -2,
    "lon": 30
  },
  {
    "Country": "Saint Helena, Ascension and Tristan da Cunha",
    "alpha2": "SH",
    "Alpha-3 code": "SHN",
    "Numeric code": 654,
    "lat": -15.9333,
    "lon": -5.7
  },
  {
    "Country": "Saint Kitts and Nevis",
    "alpha2": "KN",
    "Alpha-3 code": "KNA",
    "Numeric code": 659,
    "lat": 17.3333,
    "lon": -62.75
  },
  {
    "Country": "Saint Lucia",
    "alpha2": "LC",
    "Alpha-3 code": "LCA",
    "Numeric code": 662,
    "lat": 13.8833,
    "lon": -61.1333
  },
  {
    "Country": "Saint Pierre and Miquelon",
    "alpha2": "PM",
    "Alpha-3 code": "SPM",
    "Numeric code": 666,
    "lat": 46.8333,
    "lon": -56.3333
  },
  {
    "Country": "Saint Vincent and the Grenadines",
    "alpha2": "VC",
    "Alpha-3 code": "VCT",
    "Numeric code": 670,
    "lat": 13.25,
    "lon": -61.2
  },
  {
    "Country": "Saint Vincent & the Grenadines",
    "alpha2": "VC",
    "Alpha-3 code": "VCT",
    "Numeric code": 670,
    "lat": 13.25,
    "lon": -61.2
  },
  {
    "Country": "St. Vincent and the Grenadines",
    "alpha2": "VC",
    "Alpha-3 code": "VCT",
    "Numeric code": 670,
    "lat": 13.25,
    "lon": -61.2
  },
  {
    "Country": "Samoa",
    "alpha2": "WS",
    "Alpha-3 code": "WSM",
    "Numeric code": 882,
    "lat": -13.5833,
    "lon": -172.3333
  },
  {
    "Country": "San Marino",
    "alpha2": "SM",
    "Alpha-3 code": "SMR",
    "Numeric code": 674,
    "lat": 43.7667,
    "lon": 12.4167
  },
  {
    "Country": "Sao Tome and Principe",
    "alpha2": "ST",
    "Alpha-3 code": "STP",
    "Numeric code": 678,
    "lat": 1,
    "lon": 7
  },
  {
    "Country": "Saudi Arabia",
    "alpha2": "SA",
    "Alpha-3 code": "SAU",
    "Numeric code": 682,
    "lat": 25,
    "lon": 45
  },
  {
    "Country": "Senegal",
    "alpha2": "SN",
    "Alpha-3 code": "SEN",
    "Numeric code": 686,
    "lat": 14,
    "lon": -14
  },
  {
    "Country": "Serbia",
    "alpha2": "RS",
    "Alpha-3 code": "SRB",
    "Numeric code": 688,
    "lat": 44,
    "lon": 21
  },
  {
    "Country": "Seychelles",
    "alpha2": "SC",
    "Alpha-3 code": "SYC",
    "Numeric code": 690,
    "lat": -4.5833,
    "lon": 55.6667
  },
  {
    "Country": "Sierra Leone",
    "alpha2": "SL",
    "Alpha-3 code": "SLE",
    "Numeric code": 694,
    "lat": 8.5,
    "lon": -11.5
  },
  {
    "Country": "Singapore",
    "alpha2": "SG",
    "Alpha-3 code": "SGP",
    "Numeric code": 702,
    "lat": 1.3667,
    "lon": 103.8
  },
  {
    "Country": "Slovakia",
    "alpha2": "SK",
    "Alpha-3 code": "SVK",
    "Numeric code": 703,
    "lat": 48.6667,
    "lon": 19.5
  },
  {
    "Country": "Slovenia",
    "alpha2": "SI",
    "Alpha-3 code": "SVN",
    "Numeric code": 705,
    "lat": 46,
    "lon": 15
  },
  {
    "Country": "Solomon Islands",
    "alpha2": "SB",
    "Alpha-3 code": "SLB",
    "Numeric code": 90,
    "lat": -8,
    "lon": 159
  },
  {
    "Country": "Somalia",
    "alpha2": "SO",
    "Alpha-3 code": "SOM",
    "Numeric code": 706,
    "lat": 10,
    "lon": 49
  },
  {
    "Country": "South Africa",
    "alpha2": "ZA",
    "Alpha-3 code": "ZAF",
    "Numeric code": 710,
    "lat": -29,
    "lon": 24
  },
  {
    "Country": "South Georgia and the South Sandwich Islands",
    "alpha2": "GS",
    "Alpha-3 code": "SGS",
    "Numeric code": 239,
    "lat": -54.5,
    "lon": -37
  },
  {
    "Country": "South Sudan",
    "alpha2": "SS",
    "Alpha-3 code": "SSD",
    "Numeric code": 728,
    "lat": 8,
    "lon": 30
  },
  {
    "Country": "Spain",
    "alpha2": "ES",
    "Alpha-3 code": "ESP",
    "Numeric code": 724,
    "lat": 40,
    "lon": -4
  },
  {
    "Country": "Sri Lanka",
    "alpha2": "LK",
    "Alpha-3 code": "LKA",
    "Numeric code": 144,
    "lat": 7,
    "lon": 81
  },
  {
    "Country": "Sudan",
    "alpha2": "SD",
    "Alpha-3 code": "SDN",
    "Numeric code": 736,
    "lat": 15,
    "lon": 30
  },
  {
    "Country": "Suriname",
    "alpha2": "SR",
    "Alpha-3 code": "SUR",
    "Numeric code": 740,
    "lat": 4,
    "lon": -56
  },
  {
    "Country": "Svalbard and Jan Mayen",
    "alpha2": "SJ",
    "Alpha-3 code": "SJM",
    "Numeric code": 744,
    "lat": 78,
    "lon": 20
  },
  {
    "Country": "Swaziland",
    "alpha2": "SZ",
    "Alpha-3 code": "SWZ",
    "Numeric code": 748,
    "lat": -26.5,
    "lon": 31.5
  },
  {
    "Country": "Sweden",
    "alpha2": "SE",
    "Alpha-3 code": "SWE",
    "Numeric code": 752,
    "lat": 62,
    "lon": 15
  },
  {
    "Country": "Switzerland",
    "alpha2": "CH",
    "Alpha-3 code": "CHE",
    "Numeric code": 756,
    "lat": 47,
    "lon": 8
  },
  {
    "Country": "Syrian Arab Republic",
    "alpha2": "SY",
    "Alpha-3 code": "SYR",
    "Numeric code": 760,
    "lat": 35,
    "lon": 38
  },
  {
    "Country": "Taiwan, Province of China",
    "alpha2": "TW",
    "Alpha-3 code": "TWN",
    "Numeric code": 158,
    "lat": 23.5,
    "lon": 121
  },
  {
    "Country": "Taiwan",
    "alpha2": "TW",
    "Alpha-3 code": "TWN",
    "Numeric code": 158,
    "lat": 23.5,
    "lon": 121
  },
  {
    "Country": "Tajikistan",
    "alpha2": "TJ",
    "Alpha-3 code": "TJK",
    "Numeric code": 762,
    "lat": 39,
    "lon": 71
  },
  {
    "Country": "Tanzania, United Republic of",
    "alpha2": "TZ",
    "Alpha-3 code": "TZA",
    "Numeric code": 834,
    "lat": -6,
    "lon": 35
  },
  {
    "Country": "Thailand",
    "alpha2": "TH",
    "Alpha-3 code": "THA",
    "Numeric code": 764,
    "lat": 15,
    "lon": 100
  },
  {
    "Country": "Timor-Leste",
    "alpha2": "TL",
    "Alpha-3 code": "TLS",
    "Numeric code": 626,
    "lat": -8.55,
    "lon": 125.5167
  },
  {
    "Country": "Togo",
    "alpha2": "TG",
    "Alpha-3 code": "TGO",
    "Numeric code": 768,
    "lat": 8,
    "lon": 1.1667
  },
  {
    "Country": "Tokelau",
    "alpha2": "TK",
    "Alpha-3 code": "TKL",
    "Numeric code": 772,
    "lat": -9,
    "lon": -172
  },
  {
    "Country": "Tonga",
    "alpha2": "TO",
    "Alpha-3 code": "TON",
    "Numeric code": 776,
    "lat": -20,
    "lon": -175
  },
  {
    "Country": "Trinidad and Tobago",
    "alpha2": "TT",
    "Alpha-3 code": "TTO",
    "Numeric code": 780,
    "lat": 11,
    "lon": -61
  },
  {
    "Country": "Tunisia",
    "alpha2": "TN",
    "Alpha-3 code": "TUN",
    "Numeric code": 788,
    "lat": 34,
    "lon": 9
  },
  {
    "Country": "Turkey",
    "alpha2": "TR",
    "Alpha-3 code": "TUR",
    "Numeric code": 792,
    "lat": 39,
    "lon": 35
  },
  {
    "Country": "Turkmenistan",
    "alpha2": "TM",
    "Alpha-3 code": "TKM",
    "Numeric code": 795,
    "lat": 40,
    "lon": 60
  },
  {
    "Country": "Turks and Caicos Islands",
    "alpha2": "TC",
    "Alpha-3 code": "TCA",
    "Numeric code": 796,
    "lat": 21.75,
    "lon": -71.5833
  },
  {
    "Country": "Tuvalu",
    "alpha2": "TV",
    "Alpha-3 code": "TUV",
    "Numeric code": 798,
    "lat": -8,
    "lon": 178
  },
  {
    "Country": "Uganda",
    "alpha2": "UG",
    "Alpha-3 code": "UGA",
    "Numeric code": 800,
    "lat": 1,
    "lon": 32
  },
  {
    "Country": "Ukraine",
    "alpha2": "UA",
    "Alpha-3 code": "UKR",
    "Numeric code": 804,
    "lat": 49,
    "lon": 32
  },
  {
    "Country": "United Arab Emirates",
    "alpha2": "AE",
    "Alpha-3 code": "ARE",
    "Numeric code": 784,
    "lat": 24,
    "lon": 54
  },
  {
    "Country": "United Kingdom",
    "alpha2": "GB",
    "Alpha-3 code": "GBR",
    "Numeric code": 826,
    "lat": 54,
    "lon": -2
  },
  {
    "Country": "United States",
    "alpha2": "US",
    "Alpha-3 code": "USA",
    "Numeric code": 840,
    "lat": 38,
    "lon": -97
  },
  {
    "Country": "United States Minor Outlying Islands",
    "alpha2": "UM",
    "Alpha-3 code": "UMI",
    "Numeric code": 581,
    "lat": 19.2833,
    "lon": 166.6
  },
  {
    "Country": "Uruguay",
    "alpha2": "UY",
    "Alpha-3 code": "URY",
    "Numeric code": 858,
    "lat": -33,
    "lon": -56
  },
  {
    "Country": "Uzbekistan",
    "alpha2": "UZ",
    "Alpha-3 code": "UZB",
    "Numeric code": 860,
    "lat": 41,
    "lon": 64
  },
  {
    "Country": "Vanuatu",
    "alpha2": "VU",
    "Alpha-3 code": "VUT",
    "Numeric code": 548,
    "lat": -16,
    "lon": 167
  },
  {
    "Country": "Venezuela, Bolivarian Republic of",
    "alpha2": "VE",
    "Alpha-3 code": "VEN",
    "Numeric code": 862,
    "lat": 8,
    "lon": -66
  },
  {
    "Country": "Venezuela",
    "alpha2": "VE",
    "Alpha-3 code": "VEN",
    "Numeric code": 862,
    "lat": 8,
    "lon": -66
  },
  {
    "Country": "Viet Nam",
    "alpha2": "VN",
    "Alpha-3 code": "VNM",
    "Numeric code": 704,
    "lat": 16,
    "lon": 106
  },
  {
    "Country": "Vietnam",
    "alpha2": "VN",
    "Alpha-3 code": "VNM",
    "Numeric code": 704,
    "lat": 16,
    "lon": 106
  },
  {
    "Country": "Virgin Islands, British",
    "alpha2": "VG",
    "Alpha-3 code": "VGB",
    "Numeric code": 92,
    "lat": 18.5,
    "lon": -64.5
  },
  {
    "Country": "Virgin Islands, U.S.",
    "alpha2": "VI",
    "Alpha-3 code": "VIR",
    "Numeric code": 850,
    "lat": 18.3333,
    "lon": -64.8333
  },
  {
    "Country": "Wallis and Futuna",
    "alpha2": "WF",
    "Alpha-3 code": "WLF",
    "Numeric code": 876,
    "lat": -13.3,
    "lon": -176.2
  },
  {
    "Country": "Western Sahara",
    "alpha2": "EH",
    "Alpha-3 code": "ESH",
    "Numeric code": 732,
    "lat": 24.5,
    "lon": -13
  },
  {
    "Country": "Yemen",
    "alpha2": "YE",
    "Alpha-3 code": "YEM",
    "Numeric code": 887,
    "lat": 15,
    "lon": 48
  },
  {
    "Country": "Zambia",
    "alpha2": "ZM",
    "Alpha-3 code": "ZMB",
    "Numeric code": 894,
    "lat": -15,
    "lon": 30
  },
  {
    "Country": "Zimbabwe",
    "alpha2": "ZW",
    "Alpha-3 code": "ZWE",
    "Numeric code": 716,
    "lat": -20,
    "lon": 30
  }
]
